{"train/epoch":1,"_wandb":{"runtime":16},"_timestamp":1.7630071657367828e+09,"train_runtime":12.1026,"train_samples_per_second":10.576,"_step":1,"train_loss":4.225080966949463,"eval/runtime":4.2533,"eval/accuracy":0.3255602711284807,"total_flos":1.34245376851968e+14,"_runtime":15.336429136,"train/global_step":4,"train_steps_per_second":0.331,"eval/steps_per_second":3.762,"eval/samples_per_second":30.094,"eval/loss":3.9224328994750977}