{"_runtime":62.54910805,"_timestamp":1.7630104184115202e+09,"total_flos":2.68490753703936e+14,"train/global_step":8,"train_steps_per_second":0.27,"_step":17,"eval/loss":4.025088310241699,"train/learning_rate":0,"eval/samples_per_second":2.849,"train_runtime":29.674,"train_samples_per_second":8.627,"eval/runtime":1.4038,"_wandb":{"runtime":80},"train/grad_norm":2.2339179515838623,"train/epoch":1,"eval/perplexity":55.98581325016725,"train_loss":4.225343644618988,"eval/steps_per_second":2.849,"train/loss":4.0468}