{"_step":4,"train_steps_per_second":0.449,"eval/samples_per_second":29.644,"total_flos":1.073963014815744e+15,"train/epoch":1,"_timestamp":1.7630077620648086e+09,"_runtime":165.291327152,"eval/accuracy":0.34515831094284316,"eval/steps_per_second":3.705,"train/grad_norm":0.6198869943618774,"train/loss":3.9232,"train_runtime":71.1982,"train/global_step":32,"eval/loss":3.7160897254943848,"eval/runtime":4.318,"_wandb":{"runtime":165},"train/learning_rate":7.4074074074074075e-06,"train_samples_per_second":14.382,"train_loss":3.985857218503952}