{"_wandb":{"runtime":323},"eval_steps_per_second":2.859,"_runtime":115.166359785,"train_samples_per_second":8.593,"total_flos":2.68490753703936e+14,"eval_perplexity":55.98581325016725,"ppl_test(c4)":53.74299621582031,"grad_norm":2.2339179515838623,"eval_loss":4.025088310241699,"eval_runtime":1.3992,"ppl_test(wikitext2)":67.22982788085938,"epoch":1,"_timestamp":1.7630107110893304e+09,"_step":8,"train_runtime":29.7912,"train_steps_per_second":0.269,"learning_rate":0,"train_loss":4.225343644618988,"eval_samples_per_second":2.859,"loss":4.0468}