{
    "epoch": 1.0,
    "eval_loss": 2.322594404220581,
    "eval_perplexity": 10.20207434081391,
    "eval_runtime": 1.6543,
    "eval_samples": 4,
    "eval_samples_per_second": 2.418,
    "eval_steps_per_second": 2.418,
    "perplexity": 10.202108393967698,
    "total_flos": 5199524989501440.0,
    "train_loss": 2.5976977348327637,
    "train_runtime": 41.1389,
    "train_samples": 64,
    "train_samples_per_second": 1.556,
    "train_steps_per_second": 0.194
}