{"train/learning_rate":8.75e-05,"train/global_step":1,"_step":0,"train/epoch":0.125,"_wandb":{"runtime":61},"train/loss":4.2743,"train/grad_norm":3.2713139057159424,"_runtime":42.169188224,"_timestamp":1.763009915476276e+09}