{"train/grad_norm":1.9560651779174805,"eval/samples_per_second":15.039,"_step":5,"eval/accuracy":0.3246442965315095,"_runtime":29.647062695,"train/loss":4.1036,"train/epoch":1,"eval/loss":3.9337761402130127,"train_loss":4.2219719886779785,"_timestamp":1.7630061032117324e+09,"eval/steps_per_second":1.88,"train_samples_per_second":5.801,"train_steps_per_second":0.181,"eval/runtime":8.5114,"train_runtime":22.0664,"train/learning_rate":8e-05,"train/global_step":4,"_wandb":{"runtime":30},"total_flos":1.34245376851968e+14}