{"eval_steps_per_second":1.796,"_runtime":83.93863479,"loss":15.437,"learning_rate":8.75e-05,"_timestamp":1.763011541306703e+09,"epoch":1,"eval_perplexity":2.726028957738781e+06,"train_steps_per_second":0.139,"train_loss":15.46796441078186,"_step":8,"grad_norm":NaN,"train_runtime":57.6674,"_wandb":{"runtime":83},"total_flos":5.25836067274752e+15,"eval_loss":14.818358421325684,"train_samples_per_second":1.11,"eval_runtime":2.2276,"eval_samples_per_second":1.796}