{"total_flos":5.36981507407872e+14,"_step":2,"_wandb":{"runtime":98},"train/global_step":16,"eval/loss":3.771790027618408,"train_loss":4.125324964523315,"eval/samples_per_second":30.138,"_timestamp":1.763008018698553e+09,"train/learning_rate":5.4545454545454546e-05,"train_samples_per_second":14.244,"train/loss":4.175,"eval/steps_per_second":3.767,"_runtime":97.308257558,"eval/accuracy":0.3384029982901808,"train/epoch":1,"train/grad_norm":1.6523282527923584,"train_steps_per_second":0.445,"eval/runtime":4.2471,"train_runtime":35.9438}