{"_step":1,"train_loss":4.223590850830078,"eval/loss":3.964590072631836,"train/global_step":1,"eval/accuracy":0.32219406448461163,"train_runtime":23.6088,"eval/runtime":8.5507,"_wandb":{"runtime":32},"train_steps_per_second":0.042,"_runtime":31.262242054,"train/epoch":1,"train_samples_per_second":5.422,"total_flos":1.34245376851968e+14,"eval/steps_per_second":1.871,"_timestamp":1.7630054578839788e+09,"eval/samples_per_second":14.97}