{"_wandb":{"runtime":225},"eval_loss":4.034701824188232,"eval_steps_per_second":2.859,"eval_runtime":1.3991,"_timestamp":1.763011110033775e+09,"train_loss":4.113702565431595,"_step":8,"ppl_test(c4)":53.99532699584961,"loss":3.7898,"train_runtime":16.5453,"grad_norm":1.8483664989471436,"eval_samples_per_second":2.859,"learning_rate":0,"total_flos":6.7122688425984e+13,"_runtime":88.224513213,"ppl_test(wikitext2)":67.95160675048828,"train_samples_per_second":3.868,"train_steps_per_second":0.484,"eval_perplexity":56.52573957671172,"epoch":1}