{"eval_runtime":1.4191,"train_runtime":29.6392,"eval_samples_per_second":2.819,"_timestamp":1.7630110005893242e+09,"eval_perplexity":55.98581325016725,"total_flos":2.68490753703936e+14,"eval_steps_per_second":2.819,"_step":8,"eval_loss":4.025088310241699,"loss":4.0468,"_wandb":{"runtime":70},"train_steps_per_second":0.27,"learning_rate":0,"train_loss":4.225343644618988,"_runtime":70.41502453,"train_samples_per_second":8.637,"grad_norm":2.2339179515838623,"epoch":1}