{"_step":17,"train/learning_rate":0,"train/grad_norm":2.2339179515838623,"_runtime":61.842017706,"eval/loss":4.025088310241699,"eval/perplexity":55.98581325016725,"train_steps_per_second":0.269,"eval/samples_per_second":2.839,"_timestamp":1.7630100102217703e+09,"train/epoch":1,"train/global_step":8,"train_runtime":29.7211,"train_loss":4.225343644618988,"_wandb":{"runtime":62},"eval/steps_per_second":2.839,"total_flos":2.68490753703936e+14,"train/loss":4.0468,"eval/runtime":1.409,"train_samples_per_second":8.613}