{"eval/runtime":8.448,"_step":1,"_runtime":30.84723389,"eval/samples_per_second":15.151,"train_loss":4.223590850830078,"_timestamp":1.7630056160834227e+09,"train_samples_per_second":5.456,"train/global_step":1,"eval/accuracy":0.32219406448461163,"train_runtime":23.4608,"_wandb":{"runtime":30},"eval/loss":3.964590072631836,"train_steps_per_second":0.043,"train/epoch":1,"total_flos":1.34245376851968e+14,"eval/steps_per_second":1.894}