{"train/global_step":8,"eval/runtime":4.2466,"_timestamp":1.7630089390214126e+09,"train_steps_per_second":0.436,"eval/accuracy":0.33231940034196383,"eval/loss":3.841280937194824,"train/epoch":1,"train_samples_per_second":13.942,"train_runtime":18.3614,"eval/samples_per_second":30.142,"total_flos":2.68490753703936e+14,"_wandb":{"runtime":63},"_runtime":62.819937923,"train_loss":4.27308464050293,"_step":1,"eval/steps_per_second":3.768}