{"train/learning_rate":0,"eval/accuracy":0.3388419027845628,"train/epoch":1,"train_loss":4.08489902317524,"train/loss":4.0947,"total_flos":5.36981507407872e+14,"eval/runtime":4.2591,"eval/loss":3.7655022144317627,"train_samples_per_second":14.223,"train_runtime":35.9987,"train/grad_norm":1.24283766746521,"train/global_step":16,"_wandb":{"runtime":97},"_timestamp":1.7630094499604838e+09,"eval/samples_per_second":30.053,"_runtime":97.192121028,"train_steps_per_second":0.444,"_step":17,"eval/steps_per_second":3.757}