{"eval_steps_per_second":2.401,"train_samples_per_second":1.269,"ppl_test(wikitext2)":10.169622421264648,"eval_loss":2.322549343109131,"learning_rate":0,"total_flos":5.19952498950144e+15,"train_runtime":50.4431,"train_steps_per_second":0.159,"_runtime":220.912498166,"_step":8,"ppl_test(c4)":13.170762062072754,"eval_samples_per_second":2.401,"train_loss":2.597628265619278,"_wandb":{"runtime":1624},"eval_perplexity":10.20161220210836,"epoch":1,"grad_norm":0.7227164506912231,"_timestamp":1.7630129395140643e+09,"eval_runtime":1.666,"loss":2.6637}