{"train_steps_per_second":0.194,"_runtime":193.423414877,"eval_loss":2.322594404220581,"eval_samples_per_second":2.418,"learning_rate":0,"train_samples_per_second":1.556,"train_loss":2.5976977348327637,"train_runtime":41.1389,"grad_norm":0.7197682857513428,"loss":2.6637,"eval_runtime":1.6543,"_step":8,"total_flos":5.19952498950144e+15,"_wandb":{"runtime":193},"eval_perplexity":10.20207434081391,"eval_steps_per_second":2.418,"_timestamp":1.7630151197169812e+09,"epoch":1}