{"ppl_test(wikitext2)":67.22982788085938,"train_loss":4.225343644618988,"total_flos":2.68490753703936e+14,"grad_norm":2.2339179515838623,"_wandb":{"runtime":113},"eval_samples_per_second":2.853,"eval_steps_per_second":2.853,"_runtime":112.984624108,"train_samples_per_second":8.603,"train_runtime":29.7568,"ppl_test(c4)":53.74299621582031,"eval_runtime":1.4023,"eval_perplexity":55.98581325016725,"epoch":1,"_timestamp":1.7630105615571914e+09,"_step":8,"loss":4.0468,"train_steps_per_second":0.269,"eval_loss":4.025088310241699,"learning_rate":0}