{"total_flos":5.19952498950144e+15,"_runtime":202.471714803,"eval_perplexity":10.20264839488395,"train_samples_per_second":1.25,"train_loss":2.5976566076278687,"_wandb":{"runtime":202},"eval_runtime":1.6725,"train_steps_per_second":0.156,"epoch":1,"eval_steps_per_second":2.392,"eval_samples_per_second":2.392,"_timestamp":1.7630118816730611e+09,"grad_norm":0.7235640287399292,"_step":8,"loss":2.6638,"learning_rate":0,"eval_loss":2.322650671005249,"train_runtime":51.1851}