{"eval/accuracy":0.3388419027845628,"_step":18,"eval/runtime":4.2256,"_wandb":{"runtime":102},"train_steps_per_second":0.398,"train/loss":4.0947,"train_runtime":40.1741,"train/grad_norm":1.24283766746521,"_timestamp":1.763009659749763e+09,"train/global_step":16,"eval/samples_per_second":30.291,"train/learning_rate":0,"total_flos":5.36981507407872e+14,"train_samples_per_second":12.745,"_runtime":101.781062437,"eval/loss":3.7655022144317627,"train/epoch":1,"eval/steps_per_second":3.786,"train_loss":4.08489902317524}