{"eval_runtime":1.6626,"_timestamp":1.7630117227503023e+09,"epoch":1,"grad_norm":0.6728886961936951,"train_runtime":52.0693,"learning_rate":0,"train_loss":2.5885826647281647,"loss":2.6515,"eval_steps_per_second":2.406,"total_flos":5.19952498950144e+15,"_step":8,"_wandb":{"runtime":144},"train_samples_per_second":1.229,"eval_loss":2.3126068115234375,"eval_samples_per_second":2.406,"train_steps_per_second":0.154,"eval_perplexity":10.10068251014684,"_runtime":144.284659913}