{"train/learning_rate":8.75e-05,"train/epoch":0.125,"_timestamp":1.7630097950897498e+09,"train/grad_norm":3.2713139057159424,"train/global_step":1,"_wandb":{"runtime":50},"_runtime":43.614147867,"_step":0,"train/loss":4.2743}